{
  "min": 0.6304007768630981,
  "max": 0.8323410749435425,
  "mean": 0.7750186324119568,
  "valid_pixels": 2500,
  "total_pixels": 2500
}