{
  "min": 0.3765258491039276,
  "max": 0.8765414953231812,
  "mean": 0.6071080565452576,
  "valid_pixels": 721,
  "total_pixels": 2500
}