{
  "min": 0.5506113171577454,
  "max": 0.6420872807502747,
  "mean": 0.5975746512413025,
  "valid_pixels": 4,
  "total_pixels": 2500
}