{
  "min": 0.2880205512046814,
  "max": 0.8914905786514282,
  "mean": 0.6339613795280457,
  "valid_pixels": 791,
  "total_pixels": 2500
}