{
  "min": 0.33909934759140015,
  "max": 0.8462489247322083,
  "mean": 0.619928240776062,
  "valid_pixels": 896,
  "total_pixels": 2500
}