{
  "min": 0.4098872244358063,
  "max": 0.7850425839424133,
  "mean": 0.6048000454902649,
  "valid_pixels": 77,
  "total_pixels": 2500
}