{
  "min": 0.3226223886013031,
  "max": 0.7517223358154297,
  "mean": 0.593271017074585,
  "valid_pixels": 115,
  "total_pixels": 2500
}